numTest,Positive,UserKey,ProviderID,CurrentProb,SampleID,InitialProb
1,Unknown,096c04e32b68457593619416c92dae7a,1,0.01,e04caaf641ba444aad18f77c5f9dc1ea,0.01
1,Unknown,473e7823d5bd4eb18166aea593be0e8d,1,0.01,478b5921eaa442719d5d49288b0ff437,0.01
1,Unknown,49abd8f82ef645ab9c561409b547a890,1,0.01,3cdb24dd1b6246148d9c9e2f9788375b,0.01
1,Unknown,823bd0a93e7f425e9bc89e3f026bdbe7,1,0.01,5fb20f40d1654f779fd0a106f6922c5e,0.01
1,Unknown,e587c6f96f4e4151880e85fd87b97f5c,1,0.01,7e68ddedc8c744fbb0d5eabd8a88236f,0.01
1,Unknown,8f181e87dd8d46b4a900307a6a5d38a0,1,0.01,cbd84c24ecf54d6186847132943b1371,0.01
1,Unknown,a6604650843945889bff15c0b13df202,1,0.01,5b6e8a3ac87f450d97eecd7bff380394,0.01
1,Unknown,47d1ef27db354e12b40b69bda1926e36,1,0.01,4c48177d0c7f463a8e4e709dc5fb1f45,0.01
1,Unknown,7c7461338c7b42a89c59a02fbfd828af,1,0.01,bfa92bcc27fe4150ac65046adc0bacea,0.01
1,Unknown,6049f570657e467195bff1a3c9adf6fa,1,0.01,f205d720cd884d8fb77207fea94e8578,0.01
1,Unknown,a741d5d04cce4086a5a83af5fa145829,1,0.01,61c088ffa362403cb1460a7ec035b17e,0.01
1,Unknown,976caa26d7a847e5820cf3d7a9d6547d,1,0.01,7848c1b55c3242f1a489f778ba1feca2,0.01
1,Unknown,0fb957c26eef4d3eacc56a9b174527e0,1,0.01,1cbed0c8ad62432e97073894ec332ea1,0.01
1,Unknown,8c701fd7ff0f48068a62f4d7d2c1da2a,1,0.01,5339925862ec453eb81d4483c058f3a7,0.01
1,Unknown,7c784073236c4e0d8b0631246b6ffb3b,1,0.01,864a819c4fb947bf81d7aaf9e1eabd91,0.01
1,Unknown,8296460347d347f78a6f464e01bdde75,1,0.01,1a7908d1d7814667a54db4a0515215aa,0.01
1,Unknown,95333b4cb23348bfb2ac49960be35022,1,0.01,311cc12678104a83b632082045325538,0.01
1,Unknown,57b9c176ea0e4e22bb5ef9407f603f41,1,0.01,36838bb8df554fe6aa648d8a77f0bb5f,0.01
1,Unknown,6da6425ca5054071a204903b75bde65c,1,0.01,ad43e69f0cca4aa08a31962f23b41bbd,0.01
1,Unknown,d3f434008c2246c19c5def03076cbc09,1,0.01,a1d373cfbde2476ca9fa2564f798f38d,0.01
1,Unknown,c42041d2a8754636a9fdae70711ea205,1,0.01,717932472f0f437ca2d0497b00fa92e5,0.01
1,Unknown,cc109eaeba974743b0b82f45e6647be7,1,0.01,e30c7b0cb81c4d1e9ddb799f3b72c671,0.01
1,Unknown,bf4ffa3ce25c41018f91b18d8dacfd0f,1,0.01,ce521a0167354abea8c89c47b5ff4991,0.01
1,Unknown,e9d51b2f27f64e389af29b5c144d130d,1,0.01,dde9ad53ed844420b7d30eca82de3aad,0.01
1,Unknown,9f8862e759a349908cda7f39d429e451,1,0.01,8bd502f527b14bb7912691c882eceee2,0.01
1,Unknown,c6aae4d39cb94ac4a28c10e12ec92453,1,0.01,4655dc2fa11c4f89987ce42734e95c33,0.01
1,Unknown,9d096c5477424afa9e762c77f1739201,1,0.01,8660d761ee674d5982d65ab0b6e1d952,0.01
1,Unknown,e0339946ebdf478ebb4edd12f0be0134,1,0.01,bbe8fa8a078a4bf38908290ba1787ca1,0.01
1,Unknown,7f3deb1ee46d421a82e251baf89ce2c7,1,0.01,5f99908cc82f40748b282e8e3bf3a7c7,0.01
1,Unknown,9eb85a6fb7574d94b946b26a03f6d71c,1,0.01,8b854b9b7da84b4581a2bd96e40c6568,0.01
1,Unknown,6943673084524b77a56eecd83d99e2ad,1,0.01,9b3e4ef107454fc4aab7d35445db2b46,0.01
1,Unknown,bdee09c6d6194ea7b6e883e822313904,1,0.01,be1342bdf50846698bb22157c831ed8d,0.01
1,Unknown,9b14635dfb5b4d259da1bab6d146e244,1,0.01,da390666d8014bcf86b2a992b7b6e985,0.01
1,Unknown,b84f73eed4b44494a19704b74306b1ae,1,0.01,4599e878db194250867580808fb72f68,0.01
1,Unknown,78505d7720e940218b6d180c806fcdfa,1,0.01,60c70c7f170943f3b564dc9cfb98b738,0.01
1,Unknown,bbc84e5813a34a1684ca469e9d3b6904,1,0.01,2783006c863741eb8f656cacec93462c,0.01
1,Unknown,3bb1569c1cda42c491cd4233cef0b6e0,1,0.01,63a76afa37574cccb5d34fcc690b0b26,0.01
1,Unknown,1ee96ba6b1d7488c863e3f364004c76d,1,0.01,f4c959372e6c4c24981545133f2cb5fe,0.01
1,Unknown,34b2d871504745128c8c616f75a7ada2,1,0.01,abd2da8dbf414b4aaaff4c331ccbc9b2,0.01
1,Unknown,907ed09b955b45168b37c2f1aa7469f0,1,0.01,93af80de6077465399d1b79f6838a673,0.01
1,Unknown,3c1c5b93b355436094e136abbf1c5b9f,1,0.01,6bb9d94b0b6a408cb21280303932b708,0.01
1,Unknown,f589efa80bea4cfe9a497ed95f6e8e0f,1,0.01,75cdeb1e55994d84a069c52430e09c85,0.01
1,Unknown,546e367748a24e20bb6f52fa7e10c2ce,1,0.01,f3aa89040f094298826847f7385ba6a4,0.01
1,Unknown,1c19828f60d04ccb8acfef2fabaad87b,1,0.01,81da1d7b77e64cfb9f1871c71bed9ea6,0.01
1,Unknown,6e17776e47ef4a6295a99d2f8b9ef1c7,1,0.01,d7663b43af3947059d1a0ca68e34c022,0.01
1,Unknown,56e57369a83d4fca9c41e6b2ab1933fb,1,0.01,84f526382ba24b7393b7bd6687a92e21,0.01
1,Unknown,9431b9eb4ea1410f954e679e1c042b78,1,0.01,51bb1c9a465643d5a4f92e35b84d8745,0.01
1,Unknown,99085dc881a94b07b2056555b4a539d5,1,0.01,2c660b6a4077409a8febd63c18acd5f7,0.01
1,Unknown,0dbd378a8523409087a34d4089e307c8,1,0.01,d36c5076fc194e299c542945c2719334,0.01
1,Unknown,790215d0bb7b4fcdb065d0be5ff33d67,1,0.01,fa77a558c8174171b64411de200fe57c,0.01
1,Unknown,896144cbc1cf4c679eaa6fa12ecc0e42,1,0.01,9c2940ecb970414f809b61781ea1a27d,0.01
1,Unknown,cff40359090442108097956aacd7f86e,1,0.01,76f3882617ac4fb78fb793c687b2e416,0.01
1,Unknown,cc2b699628774c9a85e9583f60a2d3df,1,0.01,3c257d8b7fc34b89a40a60c406566e6c,0.01
1,Unknown,456467a92c2448149e6b64513bbee0f9,1,0.01,ad4f8a26227143b7b6cc343e0e1d42b3,0.01
1,Unknown,04ebcd5a1e6d4e9c862fa44d8dedb76c,1,0.01,a440fbdf33d04b91aa6f90902bb52628,0.01
1,Unknown,b7590f0d2747497f886efb226b600368,1,0.01,ee10053f44fa4d61bf85f90bed89c00f,0.01
1,Unknown,d10f5f0939aa404d8d96c676b770fea4,1,0.01,431e009fb33d4359a14aaa069deaffbf,0.01
1,Unknown,8930b4b9b24f4a2187913cb7fb1540b3,1,0.01,403b85a4b6a647e2b0cd5f65b231f38e,0.01
1,Unknown,6c631fbb5a4a4a658dcabc0937d898e3,1,0.01,a0930bce15db47ef9515f76938e2c5a3,0.01
1,Unknown,02e457b02941458687415d8d10a7074f,1,0.01,0a4b082b6c9c47988079755854ee1745,0.01
1,Unknown,b795f191adaa4c34b274b326f8a00aa2,1,0.01,f7643e9e8c5140f881170e87abe937ea,0.01
1,Unknown,40a5f6e607a74b0980e3f1bd6657cda9,1,0.01,19d6f9ef945c4ce2a8427201425009a3,0.01
1,Unknown,1a39e874ef704d7590c081bd6efba303,1,0.01,5624f779da4e4cf3b822ce70724b9c9d,0.01
1,Unknown,ddfb4d0b3d734818a116355db25a3ebf,1,0.01,5cbbf3ea2e494f52bf34bbbaca81b57e,0.01
1,Unknown,85a728ff87fb46c583a3fb60bd92d1d5,1,0.01,d72d38226d1848ffa4f2ffc79cd681f6,0.01
1,Unknown,2881ab96aecf4d49a26a7eb958cb7403,1,0.01,96f6ff32c61d42fabd72f34f2538bbd7,0.01
1,Unknown,5811ab484dbe4a4282dd010e2c29fb2d,1,0.01,1bc30023c54741549b05ea73ec9e6709,0.01
1,Unknown,6ac4440a43644e449f2d9740ec71f194,1,0.01,0f10d1f9377b4f008b2097f8c73afaa0,0.01
1,Unknown,1f551582f1c84a618d784ad0f672020f,1,0.01,c1822daf886c4610a1d08f5bb5a123f2,0.01
1,Unknown,97077935936c492caf88ac5b3d89b56d,1,0.01,42787cbd4d4b4b4fbfb645487514feda,0.01
1,Unknown,6415468c60bb40e28d1fe379ebbc6a99,1,0.01,47159387903b46508e96f60252ddf8c5,0.01
1,Unknown,eb2d85e684db4c389440bb69db975745,1,0.01,eeb1b2f19af04d65848d149df51568a0,0.01
1,Unknown,bcfb3c657cba47e190f640309f0cc84a,1,0.01,88c63d6034ee46108078186460189bce,0.01
1,Unknown,2de9a53758734953986d315e387cd1d7,1,0.01,cae3853a041d4d44b1b7feae8f09f30f,0.01
1,Unknown,6011d6c8656647d0b89b59d8a4fe5d1e,1,0.01,aa9285383836400c8e5770c477fbe0d7,0.01
1,Unknown,ff052003063445989db9076e0a1bb6d2,1,0.01,448e00bf88d14fd3b6d0876f94d26de9,0.01
1,Unknown,8af069cc1f764b25adf831170e193b5b,1,0.01,f9a7b173074c42159a61ced3a1327ffb,0.01
1,Unknown,c4dde98949e84626a1630023eeec9ca5,1,0.01,b4023e90fde94622afca290b328074fa,0.01
1,Unknown,ae73fe542b244b6bb3cc5cb8e20485a8,1,0.01,7c889efb191f4e26a38b13bccde66227,0.01
1,Unknown,a330559d8d2248f0a96bca3b87fdf10b,1,0.01,a583e02e46fa4fc6898700af09beffe3,0.01
1,Unknown,e9d8a8f7c4954b699e5ed7e890e02d0e,1,0.01,6b0d265dfe1d478d81849ff5f1262a2b,0.01
1,Unknown,811d2b9de0a24296bf79d74582595375,1,0.01,70bdad9c859d47d1a97fbd29f1d30df5,0.01
1,Unknown,34d5f65e2581487db5d16c0f5c6c2804,1,0.01,97ad0231bad74dbabf520cea5260425f,0.01
1,Unknown,0c7a795095db404a9e33560ffe83d215,1,0.01,7c82a556b1eb4901aba529ff7985e4f1,0.01
1,Unknown,038604fb9ca444c4a5853e095407b341,1,0.01,79081cf375df45969e1f86b5b9badecf,0.01
1,Unknown,635b9568571d4b4f81ad3ef98c818047,1,0.01,6157fe31bcdf4fc4b6aa6751492d9875,0.01
1,Unknown,07ced0cfbdb64c21855dde2de8f00926,1,0.01,a1d301f71ac443a3b3b77648cd81b0d0,0.01
1,Unknown,cddc49b02b5a4742acd23135dab62846,1,0.01,8c37bfac86fd49ab8d629e4e172e77ba,0.01
1,Unknown,d8aa84eba04f4a30859c0c99715187e1,1,0.01,15564b91dbe747a2b66bfd2ad1521d44,0.01
1,Unknown,081d69b89cd44f9cb069afcba661f66b,1,0.01,0ee037572d9e44f28e3608bc861b80a5,0.01
1,Unknown,bb946902bf5a46f9a88d306863417d57,1,0.01,01992a65e9474637a4dfcd8a68b9d51f,0.01
1,Unknown,f20eafbe34c946ccbe4ffe9fd92eb08e,1,0.01,c8307041b06d4472a7eaea490bfc40e5,0.01
1,Unknown,e1c802209369454a83232f44b559cdb6,1,0.01,3ce585a659d2488bb056836c7d29ae58,0.01
1,Unknown,ea0ba6930891453398d0142a05c1f892,1,0.01,f5068c1eb1ec4b80acfb5909f3fd73f4,0.01
1,Unknown,9bd4b477343f4960bd83e5ebe70ff62f,1,0.01,f4b527dd63ec44e48d680162ac8ec199,0.01
1,Unknown,4b8a6e64aa0b4359a9dcef5f37cb29f3,1,0.01,361ed95648444fc6933ee2d6663a5e87,0.01
1,Unknown,213b116bd57549a988153c084589dcb1,1,0.01,3f38063891bc43f497a59e9fefc3b1b4,0.01
1,Unknown,ef4f2e2f498b43bdb9b7fe181753e324,1,0.01,77ed24615bf1409c88c0392867782801,0.01
1,Unknown,c7a29165b38c452793557dbcc7c80afe,1,0.01,c6b6d24a5a4e4aaa81fe8e2f25554552,0.01
1,Unknown,d5d915bc02bd4a8ca24293133aadbf96,1,0.01,aaeb1fbbe1c84e11866160d3b9b52947,0.01
1,Unknown,66bdc7fd1e5e4f0a823a426e06df9420,2,0.2,c8e426ae85b14287864afdd437a420a1,0.2
1,Unknown,32b393505b1c466b83a5ae3108ec80bc,2,0.2,3e07f18e49c14d1686bfa5a4b1bab3f9,0.2
1,Unknown,5cb6d8f6ffa34fbba6d9aaee998a70b5,2,0.2,b3182707945148e29ea6231bb87d154f,0.2
1,Unknown,c350621874a048988185280275c70379,2,0.2,a5579e33a09f43e3940484afc2930330,0.2
1,Unknown,51377f00087248dc9ea3415a4b496439,2,0.2,6042eb33a10f4982be10721a2fafc189,0.2
1,Unknown,35c0957ed5ef4a39ab23a5b1c35afe1c,2,0.2,6eb72e080ed247c280f8100af00db387,0.2
1,Unknown,58dbac691c51488c923c1eab05209dc2,2,0.2,d8e9228049294aa38a83322ac3662e24,0.2
1,Unknown,266bda397c5947118b9442c6697f4725,2,0.2,48ee330e448c4128a24e979efdda328f,0.2
1,Unknown,8be1687caa114f6796f64e66cfdec3f2,2,0.2,f5193bc6c79e4378a89d50dd43e328d2,0.2
1,Unknown,100016054e19434daee3793050793e68,2,0.2,4b72936698da4c3aa4ac00933eaae564,0.2
1,Unknown,e2111cd5fdeb4887b1f4047af33bd86d,2,0.2,4d4802fe7bc04615985774b2b77ca647,0.2
1,Unknown,3233c8576f67481bbb47d879bf6524de,2,0.2,462d06245b584fd68b07943f4879dcea,0.2
1,Unknown,85d499f111d74619bff368931d042f57,2,0.2,2e9bff66a3a341919011ccc95d8ee428,0.2
1,Unknown,2eb72283fdd6469db59db678840f1afa,2,0.2,cb33cd8b807b4ca0bb8bc8847492578e,0.2
1,Unknown,161a81fec638431da022bda9252ddc99,2,0.2,96342a8a019d40dd9c297fd0d981bc34,0.2
1,Unknown,e490158fa2e44a3b9cef5e7518679513,2,0.2,5ea2e0fa575b498380d2815d4efd68ba,0.2
1,Unknown,bf3f61488fad4f94a45d39f24928e998,2,0.2,03cd0f0e09374327bd1f9855372ce5dd,0.2
1,Unknown,819b5bd11d3840e695924f70e691399e,2,0.2,c3ce31f8444e4b6db482f0ebe9a2e7a7,0.2
1,Unknown,3c4337db6ee84524b2ae761025c1dea9,2,0.2,92e4a817d921492c87364be26f98a19f,0.2
1,Unknown,ca84ace874bc46688c206181b3aab0d5,2,0.2,af9477c687f947fbb1ff1e364dfa320c,0.2
